Hours,Attendance,Assignment,Scores
4.4,80.8,2,61.4
9.6,79.2,8,95.3
7.6,61.0,4,74.9
6.4,73.6,7,72.5
2.4,75.2,6,58.4
2.4,76.0,7,59.7
1.5,83.2,6,56.5
8.8,81.3,2,85.6
6.4,84.3,1,70.4
7.4,90.6,6,86.5
1.2,92.5,2,45.0
9.7,88.7,2,87.1
8.5,98.2,1,87.5
2.9,60.7,3,53.1
2.6,67.8,7,56.8
2.7,60.3,0,41.5
3.7,85.9,0,51.7
5.7,95.9,4,78.9
4.9,69.7,10,77.4
3.6,97.1,4,71.1
6.5,62.4,10,78.6
2.3,97.4,0,49.4
3.6,74.1,5,61.1
4.3,64.1,0,52.6
5.1,79.4,4,66.7
8.1,70.3,8,84.8
2.8,71.4,4,56.0
5.6,72.3,5,72.0
6.3,92.1,7,80.5
1.4,81.6,10,65.6
6.5,72.5,0,67.6
2.5,84.4,1,50.4
1.6,88.6,8,60.8
9.5,70.9,2,84.6
9.7,76.5,5,88.8
8.3,64.9,4,78.9
3.7,67.2,10,62.4
1.9,87.2,1,50.2
7.2,67.3,6,73.3
5.0,81.0,3,69.6
2.1,88.4,0,46.0
5.5,64.3,3,61.9
1.3,82.7,5,49.5
9.2,70.3,6,88.1
3.3,98.5,6,72.5
7.0,79.3,6,73.2
3.8,92.2,2,64.5
5.7,82.0,5,74.0
5.9,61.7,7,68.5
2.7,85.3,3,51.7
9.7,98.1,7,100.0
8.0,84.1,1,74.3
9.5,92.8,9,99.6
9.1,95.4,8,100.0
6.4,69.1,8,79.7
9.3,68.5,7,88.2
1.8,84.4,9,63.0
2.8,76.4,9,61.7
1.4,93.6,0,48.4
3.9,96.0,1,63.6
4.5,74.1,5,66.3
3.4,69.5,9,67.1
8.5,91.2,4,92.9
4.2,71.0,8,68.4
3.5,92.9,4,60.0
5.9,76.9,1,65.9
2.3,86.7,9,71.6
8.2,63.8,3,73.2
1.7,85.0,8,58.8
9.9,78.1,0,84.1
8.0,83.5,10,94.6
2.8,66.7,0,41.0
1.0,89.5,6,57.5
8.3,94.5,10,100.0
7.4,68.7,2,72.0
7.6,63.8,9,82.2
7.9,60.9,1,65.3
1.7,85.7,8,60.8
4.2,84.3,2,63.7
2.0,81.9,1,48.2
8.8,69.3,7,88.6
6.6,75.6,9,82.0
4.0,83.8,5,61.7
1.6,79.9,5,54.3
3.8,99.5,9,79.6
3.9,65.5,10,64.6
7.6,87.8,6,90.9
6.7,76.2,6,80.3
9.0,77.1,10,100.0
5.2,88.7,5,68.8
2.1,87.7,3,48.6
7.4,99.7,10,96.5
7.8,65.1,8,86.3
6.1,64.2,5,74.9
7.9,89.0,3,84.5
5.4,83.1,2,65.4
5.7,71.0,3,62.7
4.8,63.2,2,60.9
1.2,63.4,1,34.3
2.0,95.8,4,61.5
1.3,67.7,1,37.9
6.7,72.9,5,80.3
3.8,69.1,2,55.9
5.6,74.2,5,69.7
9.2,62.8,10,93.1
3.2,80.8,9,67.4
4.7,62.7,8,69.6
7.8,92.0,0,76.8
3.1,69.3,5,54.3
1.7,81.6,8,58.4
3.6,95.2,10,76.8
2.5,86.0,3,47.7
9.4,81.3,10,100.0
8.3,73.0,1,72.3
6.7,73.3,3,68.0
8.8,86.8,0,75.2
8.2,99.8,2,79.7
2.7,86.5,9,63.3
9.0,82.3,8,93.7
5.9,89.2,9,89.9
8.3,78.6,4,81.3
9.1,62.4,10,94.6
3.9,82.5,5,65.3
2.0,98.3,2,53.8
3.1,67.0,4,53.1
4.8,87.6,10,76.9
8.4,68.0,7,90.6
8.7,81.4,5,93.6
1.1,63.9,3,35.4
5.6,78.0,1,60.3
4.8,90.2,8,76.0
3.0,73.9,0,44.3
2.1,86.6,0,47.9
4.0,91.8,3,61.6
9.5,97.1,6,100.0
3.9,69.4,0,53.9
5.7,76.0,8,77.8
7.3,66.1,3,75.5
4.3,99.7,2,68.6
9.7,97.1,0,86.2
9.7,81.6,9,98.3
3.3,93.7,3,60.7
5.5,80.8,8,80.2
3.7,84.9,9,72.4
3.6,63.6,5,52.2
1.3,90.2,5,51.3
6.5,65.1,0,61.7
5.5,93.0,9,83.3
1.5,91.3,1,52.6
3.5,88.3,10,69.9
9.2,61.4,5,85.8
3.2,72.1,1,53.9
2.3,70.5,2,53.5
5.4,74.4,3,64.1
9.9,63.5,10,99.9
3.2,97.5,4,64.8
7.0,82.2,8,86.5
7.9,72.2,3,76.6
3.1,75.9,10,69.8
7.6,77.9,8,79.5
4.3,84.0,10,78.8
6.7,80.6,9,86.0
6.7,96.8,2,75.9
5.8,79.9,7,83.2
1.8,99.7,0,46.9
8.5,94.1,10,99.6
3.9,68.3,8,71.9
2.7,97.2,8,66.1
1.4,64.7,9,52.6
6.3,92.7,1,71.0
7.1,75.2,3,76.6
1.1,95.1,7,58.9
5.6,94.7,6,74.6
3.0,92.2,0,51.3
6.8,91.6,4,77.7
2.6,72.2,6,56.3
7.2,63.2,3,72.3
4.5,76.1,0,56.5
9.4,66.9,8,87.9
2.2,87.8,4,58.7
4.1,73.8,10,73.3
2.0,99.0,1,56.0
9.3,85.6,7,97.6
8.9,92.9,10,100.0
3.3,65.3,1,49.6
6.9,94.5,2,81.1
8.4,96.9,9,100.0
6.0,79.5,0,63.5
5.8,84.3,10,90.9
3.2,90.6,1,57.7
1.8,67.0,6,53.0
9.1,80.1,9,93.6
9.1,75.9,1,76.4
6.7,65.9,5,74.1
4.1,74.7,2,57.1
4.1,62.7,3,53.7
7.5,61.0,10,86.4
9.1,65.4,7,93.8
9.0,98.5,2,90.6
8.0,82.0,9,89.3
6.8,98.6,5,83.1
1.8,77.3,0,39.6
2.5,72.5,6,54.9
9.1,80.2,7,92.3
6.5,77.6,10,84.1
1.1,64.2,7,44.9
1.9,85.6,2,48.9
7.0,68.6,9,81.8
1.0,84.8,0,31.9
2.4,86.0,8,70.2
5.9,66.1,5,72.8
7.2,62.5,10,83.7
6.9,91.2,8,87.8
3.0,78.4,6,57.1
7.4,62.3,0,70.8
3.1,99.8,0,61.3
3.9,62.3,5,58.8
7.7,87.8,4,86.0
6.8,99.3,8,90.6
8.6,69.6,1,72.1
6.9,65.7,7,77.1
6.1,64.9,10,80.4
1.8,72.1,4,47.5
4.3,64.0,1,52.1
3.4,87.7,9,71.0
3.2,62.5,10,64.5
9.8,80.4,10,100.0
4.5,99.9,5,69.5
9.0,92.6,9,98.8
6.7,84.6,7,78.9
8.2,72.3,3,81.4
5.5,85.0,1,58.8
6.2,81.1,10,88.7
5.4,77.0,4,72.4
2.8,65.2,1,44.4
7.5,95.5,1,70.3
3.5,78.0,5,59.9
1.2,67.8,10,56.2
6.8,74.7,9,81.4
2.6,76.6,8,60.4
9.5,93.1,3,95.8
9.6,89.3,5,96.7
9.2,90.8,6,92.6
4.3,60.4,10,65.0
1.1,76.6,5,47.7
9.4,79.3,7,93.9
4.9,60.8,3,60.0
9.7,70.4,0,78.0
9.7,90.4,6,99.0
8.7,65.5,2,82.8
3.7,81.4,5,65.1
4.5,68.6,1,54.8
8.7,60.5,8,86.9
3.9,69.6,0,49.1
2.5,99.0,5,65.9
6.0,92.1,5,75.8
9.4,98.4,4,94.8
7.3,79.5,4,78.3
6.1,64.4,0,58.5
1.9,81.9,9,57.8
6.5,78.2,4,75.1
9.9,93.8,1,89.5
2.3,63.9,6,54.0
5.7,79.5,2,64.6
8.9,66.0,3,83.9
7.7,73.0,2,71.6
7.3,89.5,2,82.4
7.3,79.0,3,71.1
4.2,75.0,4,63.0
3.6,75.8,0,52.4
8.3,78.4,3,78.5
8.3,91.4,10,100.0
8.8,95.7,7,100.0
9.2,98.2,9,96.9
5.6,91.5,6,79.0
5.5,72.6,8,67.9
8.2,87.5,4,82.3
6.8,77.5,9,90.4
7.3,70.2,3,71.9
8.2,93.6,7,89.4
9.0,61.5,8,88.9
4.0,96.1,6,77.2
4.4,78.5,6,61.9
1.8,85.5,4,49.7
6.2,86.4,3,77.4
1.3,95.8,9,68.9
5.2,85.5,0,61.3
5.9,84.6,9,79.1
3.6,62.7,9,71.0
6.3,80.7,6,82.6
1.3,66.0,0,38.2
1.3,89.5,0,41.1
8.4,80.5,4,84.0
4.2,87.2,8,72.9
2.1,61.7,5,50.2
5.7,63.4,2,65.9
7.9,88.7,2,82.9
2.9,62.9,6,52.3
6.6,62.9,5,76.0
1.8,60.5,8,53.9
1.5,98.3,5,58.9
5.8,89.5,4,78.2
5.9,74.1,9,76.2
6.7,71.9,6,77.1
7.5,74.0,0,68.3
9.8,91.0,6,93.5
5.6,86.5,2,69.2
3.9,67.4,8,73.3
8.2,67.0,5,75.4
3.4,63.9,8,62.3
5.0,86.4,4,70.6
1.7,90.6,6,58.1
1.2,70.6,3,43.0
9.7,60.8,6,84.7
8.5,63.3,0,72.3
7.3,98.7,6,85.7
4.7,71.8,7,62.4
2.6,90.8,4,61.6
2.4,85.0,1,52.4
3.3,75.3,4,57.0
5.9,68.2,5,70.9
7.4,64.9,1,71.8
6.9,84.6,5,80.8
3.5,91.0,5,67.6
9.6,85.8,0,82.8
7.6,81.2,0,76.5
6.0,61.7,10,79.4
6.5,98.7,9,90.7
4.8,91.9,2,61.7
3.2,71.7,9,66.5
4.2,99.2,9,76.3
7.8,84.1,2,76.4
1.1,83.3,3,44.2
2.0,89.9,1,46.0
1.4,92.5,8,67.2
1.4,86.3,9,64.7
8.7,65.1,10,98.8
7.3,73.5,6,77.1
5.3,97.1,6,77.7
1.9,69.0,5,46.2
5.4,74.9,2,61.5
5.3,77.3,5,66.7
2.6,77.6,7,63.8
4.9,84.5,7,72.7
4.6,97.7,10,85.5
6.5,69.6,8,81.4
6.7,64.9,0,69.9
1.4,67.9,0,33.0
4.4,95.5,2,68.3
6.6,85.8,2,76.4
5.5,71.4,9,74.2
8.7,92.6,7,98.4
6.9,94.5,9,92.0
2.5,93.9,0,49.8
1.6,96.8,1,46.7
6.8,70.1,1,64.8
1.2,90.2,2,53.4
6.3,78.4,5,74.9
9.5,93.7,0,87.8
6.2,89.1,1,67.3
4.5,91.1,0,57.4
6.8,86.2,4,81.1
5.1,67.1,6,63.7
5.9,81.8,7,76.8
9.5,99.4,9,100.0
4.5,97.5,0,62.0
9.7,61.7,6,88.2
9.1,66.6,4,84.9
2.8,65.3,9,63.5
1.6,89.0,0,47.0
1.9,92.7,2,48.4
1.2,68.5,6,47.5
1.8,80.2,9,64.9
7.1,93.6,0,76.5
1.6,89.3,6,52.9
3.9,81.7,4,62.9
8.6,83.6,0,72.2
1.2,80.3,0,40.3
8.3,71.9,0,78.9
3.5,82.6,10,69.6
2.1,87.6,8,60.1
7.3,94.9,10,97.1
6.7,85.5,2,68.3
8.9,90.4,4,87.7
7.6,66.4,10,89.8
8.2,78.5,9,90.8
3.5,60.4,8,61.1
2.6,69.9,5,56.2
7.8,89.1,8,92.8
8.3,99.7,7,96.0
9.9,64.0,7,91.7
4.7,76.1,0,57.5
4.3,92.0,8,75.0
8.0,68.2,5,81.8
4.1,82.2,8,69.5
9.4,89.3,2,87.1
8.7,84.6,2,80.1
4.9,67.5,5,64.5
7.8,74.2,8,84.6
7.8,91.4,6,85.0
1.9,82.2,2,49.1
9.1,60.2,2,78.3
5.5,90.4,1,69.2
8.4,61.4,8,85.3
3.9,89.8,2,61.6
9.1,68.1,10,97.4
4.5,98.3,4,71.3
1.1,74.7,8,51.4
9.1,73.1,7,92.1
1.8,66.0,1,42.0
3.9,72.2,2,55.1
9.6,95.1,1,82.0
9.6,99.9,7,100.0
6.2,74.7,5,79.9
6.7,77.9,5,75.7
5.0,88.9,8,75.7
3.6,95.4,7,71.9
4.0,83.7,3,61.8
7.1,75.7,3,77.5
7.8,76.5,8,84.0
8.1,87.8,0,79.2
8.1,60.1,1,72.3
1.8,84.8,1,46.1
5.4,74.2,5,70.5
1.5,91.8,3,54.2
5.9,63.7,10,81.5
5.0,83.5,9,74.5
9.0,79.2,2,85.2
4.2,85.7,2,60.3
2.1,62.6,2,43.3
2.3,83.2,5,56.6
7.9,82.5,7,87.6
6.6,82.4,10,91.1
1.9,84.1,6,56.5
1.8,87.1,3,47.5
7.3,92.2,10,93.0
1.7,70.8,3,46.0
8.4,93.0,10,100.0
7.4,79.9,9,90.6
1.7,63.1,10,55.0
1.8,62.3,10,65.0
9.9,73.4,10,100.0
4.4,91.4,1,65.1
4.3,88.3,0,57.7
8.3,91.5,8,96.6
9.5,80.7,1,86.4
9.9,77.6,7,100.0
7.8,65.9,8,87.8
4.4,73.1,3,62.5
1.8,77.4,7,55.0
8.0,63.5,8,83.3
6.0,68.8,9,79.8
4.8,83.9,9,80.1
9.2,89.4,4,89.9
2.0,99.9,6,65.2
5.4,97.3,9,88.7
1.1,85.7,3,44.5
5.2,76.8,0,56.6
1.5,85.4,2,46.7
2.1,91.4,4,56.7
2.1,64.7,2,42.1
6.8,76.4,10,91.2
7.7,93.6,6,89.9
6.3,75.4,8,80.0
9.7,82.9,5,88.9
4.4,83.5,9,71.0
3.6,67.4,0,48.9
8.8,74.5,6,82.0
3.0,73.4,2,54.1
9.7,61.0,4,84.2
1.1,61.0,9,61.6
9.7,93.3,3,99.5
1.4,70.9,9,55.7
9.0,80.7,4,87.0
5.7,71.9,4,71.3
9.9,97.6,5,100.0
1.7,70.4,9,52.5
6.0,77.2,9,75.7
9.7,94.9,10,100.0
5.7,93.7,5,78.4
6.7,67.4,7,79.0
7.3,92.1,7,91.1
5.1,78.3,10,75.4
6.6,79.3,8,76.1
6.3,65.3,7,77.5
9.1,63.2,10,92.0
1.4,89.1,1,39.7
3.5,79.9,9,70.0
9.6,77.5,10,100.0
9.0,89.2,0,81.4
5.1,90.6,9,79.3
6.6,66.4,1,64.3
3.5,84.4,1,53.7
2.7,65.4,2,43.0
5.2,90.1,9,78.7
4.2,86.3,6,70.3
6.3,98.3,1,73.7
1.7,62.8,0,37.8
9.8,62.3,5,84.5
9.9,71.3,8,96.2
7.3,70.5,2,65.0
5.8,69.9,5,70.6
3.8,96.3,2,66.1
8.3,70.0,0,68.2
7.2,70.9,4,73.3
2.5,90.4,9,68.4
9.2,78.0,10,100.0
8.4,91.1,3,84.0
9.5,62.6,6,86.4
7.5,79.5,5,75.6
6.5,61.3,9,79.3
4.8,62.5,6,70.7
9.4,96.3,4,94.7
8.8,65.6,3,79.6
1.4,81.3,6,54.4
1.2,76.4,6,51.1
4.4,73.9,5,61.7
8.3,96.0,7,96.7
9.9,60.9,3,84.4
2.4,86.6,9,65.8
6.3,98.5,4,76.4
4.4,82.4,3,66.8
9.7,97.5,0,89.9
8.6,62.1,7,83.9
8.5,76.8,0,78.8
5.2,70.4,4,63.7
4.7,89.2,5,68.1
3.5,99.3,5,64.8
1.5,70.3,4,41.3
8.8,86.2,2,85.2
8.3,67.9,4,74.5
10.0,82.6,7,95.1
10.0,78.6,1,79.2
6.0,98.9,5,79.4
7.9,84.3,8,90.5
9.5,74.0,7,92.7
8.6,64.6,10,89.5
3.2,66.0,7,56.4
5.1,69.0,7,71.4
2.2,70.0,6,52.2
9.6,94.0,7,100.0
6.5,82.4,5,74.4
3.1,80.9,1,52.1
7.0,64.6,1,70.5
6.6,94.4,7,86.9
4.2,88.9,10,76.6
2.0,62.7,0,39.7
7.0,88.3,5,81.0
5.7,81.7,5,73.0
8.0,63.3,10,87.8
5.7,78.3,3,67.4
8.7,79.4,10,97.8
6.0,66.6,10,76.8
6.0,97.8,9,84.5
8.9,94.0,2,82.5
4.6,86.8,10,74.4
2.2,78.5,2,44.9
1.3,76.5,0,39.7
7.8,86.0,2,76.1
6.6,81.8,3,75.0
7.3,62.5,10,85.5
2.9,80.5,10,62.8
2.2,92.3,4,58.8
1.1,78.4,2,45.6
4.2,62.1,5,56.4
6.3,91.5,10,90.2
4.5,68.1,4,58.5
4.9,70.3,2,60.1
9.1,66.6,5,81.9
4.1,73.2,5,57.3
5.6,90.3,7,78.1
8.1,80.8,1,76.1
4.6,68.2,0,52.1
6.6,95.1,3,74.0
8.8,95.2,6,93.2
9.5,94.8,10,100.0
2.3,69.6,9,60.3
9.3,78.0,2,84.7
5.4,99.4,2,69.0
3.3,90.9,4,65.4
5.1,61.1,4,58.5
9.8,62.6,9,97.3
5.4,78.6,2,68.3
4.0,96.4,8,76.1
6.7,81.5,3,73.4
3.2,79.9,2,52.2
1.7,64.2,10,60.8
2.2,86.3,1,44.4
2.2,92.9,9,63.7
2.4,75.2,10,63.2
2.2,91.0,8,68.3
6.8,98.6,3,80.6
2.6,68.2,2,44.7
4.1,80.9,6,65.9
9.1,71.5,7,89.0
5.3,91.7,10,81.7
7.0,83.1,1,74.9
2.6,85.4,6,56.3
2.7,91.9,4,64.1
1.4,75.8,10,62.1
2.5,96.6,4,62.9
3.5,81.3,2,54.5
2.6,66.3,4,50.4
1.8,87.8,1,43.0
2.1,91.7,3,52.4
5.1,72.7,5,69.0
2.9,94.3,0,56.5
4.3,96.2,9,74.9
5.5,71.1,3,63.9
7.2,99.3,5,85.4
1.4,65.6,8,48.3
8.2,68.1,10,93.2
6.7,67.4,10,81.3
1.7,95.8,1,48.8
8.9,86.2,10,98.8
9.3,66.1,6,85.9
1.5,77.6,5,51.0
3.5,84.6,1,54.2
8.3,63.3,7,83.2
7.7,95.3,6,87.1
2.7,92.1,10,71.9
2.9,80.2,4,61.4
4.3,98.7,4,69.7
5.4,76.7,6,74.8
6.6,99.4,8,84.5
4.3,86.7,10,78.1
5.2,85.4,8,74.1
7.7,66.6,8,80.2
1.3,95.3,5,53.0
3.3,77.1,9,71.1
7.4,66.5,5,79.9
9.1,60.5,2,78.2
5.6,82.4,0,58.1
5.8,81.1,6,74.7
2.0,88.8,3,53.4
5.0,95.6,0,64.3
5.8,63.2,7,66.4
3.2,89.3,5,60.0
3.4,67.5,5,57.2
4.4,94.3,1,63.9
1.2,92.8,0,37.1
3.9,81.6,1,55.5
2.9,88.4,3,57.5
3.9,72.6,1,56.1
2.1,78.8,0,46.1
9.0,92.9,6,96.7
6.3,78.4,10,82.8
7.1,74.3,10,82.1
8.1,79.8,7,87.3
5.5,93.1,5,78.4
1.8,73.4,3,51.1
5.8,67.0,5,71.4
6.3,88.5,2,73.2
7.7,93.0,7,91.6
4.9,64.0,9,70.0
2.1,69.6,1,43.2
3.6,65.7,4,60.5
4.3,73.9,0,50.7
6.8,78.0,5,82.3
6.1,90.0,1,68.7
4.2,86.0,3,66.8
9.9,84.8,5,90.6
6.5,74.1,9,84.2
3.1,93.7,10,71.6
1.9,78.9,7,53.0
2.4,99.2,7,66.3
3.2,85.4,10,74.7
2.4,65.1,5,49.2
2.7,87.0,3,51.0
3.6,73.0,7,63.5
2.6,87.5,7,62.8
9.1,62.8,9,93.8
1.7,67.0,0,41.6
5.7,94.2,3,72.7
4.7,69.1,3,65.8
9.8,93.5,6,99.9
2.0,71.2,10,60.4
4.6,85.7,6,65.8
9.7,87.8,10,100.0
8.8,80.5,7,91.1
8.4,72.2,10,96.3
3.3,68.5,4,56.5
2.5,61.3,6,49.6
7.0,72.2,7,81.3
9.4,86.1,8,100.0
6.0,97.5,2,77.9
6.1,94.8,2,75.8
3.5,90.6,3,63.1
7.9,91.5,4,85.3
2.7,86.6,9,68.6
3.9,70.4,0,54.4
4.8,96.3,6,71.0
5.6,86.8,8,78.8
3.2,82.4,7,62.3
2.0,64.4,4,48.6
6.5,77.9,3,75.5
3.6,78.4,6,61.7
6.2,94.6,4,70.4
2.4,81.9,6,57.3
5.3,75.2,0,62.0
5.8,99.1,0,70.3
1.5,64.4,9,55.9
4.0,76.9,2,56.4
2.2,61.7,10,55.7
1.6,89.6,1,48.3
9.9,96.7,1,88.1
3.9,71.2,6,69.4
8.3,94.3,9,99.5
3.3,71.7,1,48.2
7.1,96.4,10,92.8
7.8,90.2,3,82.0
6.4,92.2,1,70.7
5.2,60.7,5,67.8
4.7,98.5,7,77.6
4.1,89.1,9,73.2
9.4,72.2,3,90.2
8.5,93.2,4,88.5
9.7,71.3,3,88.1
2.1,94.9,2,51.2
7.6,64.5,4,76.3
9.4,88.1,8,100.0
2.6,81.6,7,56.0
1.6,63.9,7,57.2
7.7,69.7,7,87.1
6.2,60.5,7,71.8
8.6,78.8,6,85.2
2.3,72.1,7,57.9
8.2,83.9,10,96.2
2.8,71.9,7,60.7
2.5,72.0,7,58.5
2.5,89.7,9,68.8
8.3,61.9,6,86.6
7.0,96.1,0,75.5
5.7,94.1,3,69.6
4.2,86.7,3,67.2
8.9,83.7,4,92.5
4.5,95.7,9,88.8
8.3,67.4,5,78.6
5.0,63.2,3,60.4
4.4,69.6,1,48.6
5.2,91.8,5,75.0
3.7,61.4,7,59.3
7.7,83.3,7,93.4
5.5,99.8,6,77.2
3.1,94.2,5,58.7
9.1,80.9,1,80.3
4.5,62.5,6,57.1
5.9,93.3,10,89.7
9.2,84.0,4,82.8
6.6,64.6,5,72.6
2.1,63.8,9,51.2
9.5,96.4,7,99.2
6.6,86.8,7,88.2
4.0,93.2,2,63.1
2.3,95.2,6,59.2
8.1,82.9,0,75.5
6.6,80.7,0,67.2
5.8,77.2,6,75.6
9.0,72.7,9,90.9
8.1,77.4,8,91.5
2.4,91.0,6,53.0
3.8,84.1,9,70.4
3.2,95.7,4,61.4
7.7,77.7,7,87.7
1.3,84.3,1,43.9
6.1,85.3,8,78.0
7.9,83.7,5,81.5
8.9,88.1,8,97.5
4.1,69.5,1,53.0
8.4,80.5,2,78.4
2.0,64.2,7,51.8
8.6,75.4,0,77.8
2.1,79.5,9,61.0
4.6,86.1,6,70.4
8.2,98.0,6,98.8
2.3,84.0,0,42.7
3.1,89.7,8,62.7
7.5,80.3,7,87.9
7.5,85.4,3,77.0
6.8,62.8,9,79.7
7.2,70.2,10,84.9
5.9,74.5,4,69.0
3.3,78.9,1,56.8
4.1,61.8,8,67.5
2.6,65.6,5,55.4
9.2,71.1,2,77.0
6.3,98.9,6,79.5
4.6,73.3,8,62.5
5.2,79.3,2,61.1
9.5,67.8,1,82.9
2.4,84.4,6,60.8
6.3,71.2,6,74.1
5.6,68.3,3,64.2
6.5,80.7,10,84.6
1.2,60.2,8,50.5
8.8,60.3,7,88.6
9.4,68.8,0,72.7
6.1,61.5,0,59.8
7.3,64.3,4,76.4
9.3,73.6,5,87.3
7.4,92.1,2,80.6
2.4,82.9,8,71.2
6.2,80.5,9,82.8
6.5,71.7,5,75.0
4.8,97.3,3,67.1
7.6,75.9,6,83.4
9.4,63.5,7,91.5
9.3,84.7,8,98.6
5.1,64.6,10,71.6
2.0,73.8,5,52.9
9.9,80.3,5,97.8
8.6,95.0,7,96.6
2.1,79.7,4,55.4
9.3,88.1,2,86.2
8.8,99.7,2,90.3
5.7,65.3,5,68.8
6.3,71.0,1,62.1
4.6,75.8,5,66.6
1.5,76.9,5,47.6
4.0,76.4,7,65.1
8.2,96.3,6,92.6
1.0,88.6,7,56.7
4.0,84.3,8,67.7
4.6,72.4,5,67.8
5.8,93.0,2,72.8
9.3,98.2,9,100.0
4.1,92.8,2,57.8
4.1,60.1,10,68.2
7.6,85.5,0,72.5
5.1,62.0,10,74.3
3.0,70.3,4,53.1
5.1,62.4,3,54.1
2.3,84.2,8,61.4
2.6,87.5,8,64.3
5.5,64.6,4,66.7
4.8,75.4,9,72.4
9.2,78.2,3,90.7
4.3,74.8,6,60.0
6.2,64.8,5,74.5
6.7,76.8,3,71.8
1.1,90.0,9,63.2
7.0,62.8,1,66.0
2.6,63.2,0,45.4
9.6,74.2,3,85.3
2.3,97.7,3,53.7
4.7,86.7,0,63.9
1.8,87.1,5,54.6
10.0,74.5,3,88.9
5.5,83.7,0,66.4
6.4,60.4,0,56.8
1.6,85.4,0,45.4
7.7,96.5,7,89.9
2.9,84.5,9,67.4
9.1,94.9,7,98.1
2.8,89.0,1,48.4
2.7,64.8,10,60.7
1.3,96.1,6,61.5
5.2,62.7,7,71.7
6.1,81.4,7,78.6
1.6,65.7,10,58.4
8.0,60.5,9,85.2
5.1,76.9,10,82.5
5.7,71.8,6,71.5
5.0,79.4,4,67.4
4.6,83.1,0,61.4
6.0,61.7,8,72.4
2.4,64.9,6,58.1
2.6,82.3,1,45.3
8.8,73.7,5,90.8
9.5,89.2,1,85.2
4.4,86.1,0,56.9
3.4,93.8,6,61.7
6.8,87.7,1,70.9
4.7,77.2,1,55.4
1.2,86.9,10,60.4
2.4,71.0,4,50.9
7.4,72.3,4,79.8
6.9,91.6,6,84.7
1.2,77.9,0,40.5
3.0,91.9,7,63.3
3.1,92.9,2,54.6
7.0,94.3,3,84.9
1.2,96.7,8,58.7
1.9,77.2,3,53.8
8.2,72.8,9,90.1
2.6,83.3,4,56.0
6.9,74.8,6,82.0
3.1,84.0,3,60.7
1.9,88.2,0,45.6
3.2,87.5,8,67.0
7.5,75.0,3,75.8
8.7,66.7,8,90.5
8.5,77.2,5,88.2
4.6,65.7,0,52.6
7.0,95.6,2,79.6
2.8,73.8,10,71.3
3.6,66.2,1,51.2
9.1,61.0,8,90.6
1.1,85.8,0,36.8
1.8,85.5,8,52.6
2.9,73.6,8,63.6
1.2,62.9,7,48.8
2.6,76.4,7,58.5
6.2,72.4,10,83.7
4.8,87.1,0,59.9
9.0,84.2,10,100.0
8.4,74.6,7,88.4
4.1,68.7,9,66.8
3.3,99.5,2,63.5
4.4,78.2,10,74.9
6.3,87.5,6,81.4
3.4,65.6,10,65.3
6.6,79.4,0,65.0
4.7,61.1,0,52.0
6.0,80.2,9,81.9
4.9,98.6,4,73.6
3.7,75.4,4,58.1
9.5,61.6,7,84.6
7.9,61.2,6,78.4
2.3,75.5,7,60.3
8.8,66.4,5,83.1
5.4,60.9,5,64.5
9.1,90.2,1,87.3
8.2,78.3,5,82.4
4.8,71.6,4,59.0
1.2,96.0,2,48.3
3.4,64.6,5,55.0
5.9,98.2,7,79.9
6.7,72.6,8,80.7
3.3,95.5,0,56.7
2.3,84.1,2,50.5
8.5,93.1,2,85.4
9.9,99.4,10,100.0
5.7,71.5,7,73.1
2.5,98.4,0,53.1
3.5,75.6,4,56.4
1.2,75.4,2,39.9
9.2,73.6,1,78.5
2.1,81.7,7,57.4
6.2,66.2,2,65.9
3.5,82.1,6,71.0
6.0,81.7,10,82.3
6.9,90.5,0,70.2
8.5,93.3,5,90.2
2.9,77.6,2,52.8
1.1,72.1,7,51.9
2.2,70.4,5,56.1
9.1,67.8,1,70.6
8.9,62.3,5,75.9
6.4,73.7,6,74.5
6.4,70.8,4,74.6
7.0,98.7,2,73.8
2.6,82.3,3,44.6
9.2,73.9,3,86.0
4.8,83.2,5,69.5
4.4,65.6,9,66.6
5.7,77.8,0,58.7
1.4,85.0,10,59.7
2.5,79.6,3,52.7
7.6,76.1,9,87.2
1.7,99.8,3,56.1
6.4,95.2,9,80.1
3.2,84.9,0,49.0
4.5,82.8,8,70.0
3.6,84.8,3,58.7
4.2,68.1,6,61.8
7.5,75.8,2,76.5
3.7,61.6,9,59.3
6.1,79.0,2,68.3
5.3,81.7,7,76.6
7.0,69.1,7,85.2
9.4,98.6,10,100.0
7.6,96.4,0,77.9
2.9,88.9,9,63.9
1.3,81.3,1,35.6
3.4,94.8,7,71.8
6.4,65.2,0,61.3
1.5,91.6,7,62.3
5.5,65.0,7,66.7
6.4,91.8,1,72.9
4.0,71.0,3,63.0
7.9,95.1,5,89.5
2.0,97.8,10,70.0
1.7,66.0,8,54.2
7.6,78.5,7,80.6
5.5,99.2,7,85.1
7.2,79.3,6,79.9
4.9,94.5,8,80.4
3.2,83.5,1,48.5
8.4,75.0,2,74.8
8.2,71.4,9,94.7
7.3,68.1,7,79.7
3.4,90.5,5,68.7
6.3,75.5,9,82.0
4.2,80.5,8,65.9
1.8,79.7,9,63.7
9.3,83.1,3,85.4
2.2,94.6,7,65.6
9.6,99.2,9,100.0
5.0,76.3,2,57.3
2.7,93.1,2,55.8
5.9,90.6,7,87.1
8.9,82.9,4,88.6
7.6,98.2,2,81.3
8.3,68.0,9,92.9
6.9,64.4,10,84.6
7.2,94.2,0,75.0
8.6,77.6,2,77.2
3.2,93.9,8,71.1
5.4,95.7,4,76.8
3.0,62.5,9,59.2
9.9,95.3,1,94.3
9.5,77.9,6,92.6
1.4,80.4,1,40.2
7.4,85.1,3,81.3
9.3,97.1,6,96.9
2.6,60.8,3,49.6
6.1,79.1,6,75.4
9.2,87.5,6,94.3
1.3,88.9,0,44.7
7.3,87.7,5,83.6
3.7,65.4,8,58.0
9.3,72.0,1,76.8
9.7,74.3,2,87.8
9.5,92.2,9,100.0
5.3,71.2,4,64.1
8.8,68.4,8,86.2
8.6,98.3,3,85.3
3.9,60.4,0,41.4
8.5,99.9,3,88.0
1.3,87.1,5,51.0
6.4,93.1,4,74.9
3.1,71.8,0,46.7
2.1,60.6,3,45.7
1.7,89.5,5,61.6
7.3,93.4,9,87.8
4.1,89.6,9,78.7
7.5,65.7,3,76.2
1.6,90.1,8,58.6
3.8,90.8,4,65.0
5.9,86.3,7,77.8
8.1,90.6,8,94.3
3.9,93.8,9,80.0
6.6,84.5,4,78.3
9.0,63.5,5,85.5
6.5,79.5,0,65.3
3.1,63.1,10,60.0
1.2,76.3,6,50.4
8.8,76.3,3,86.7
1.2,62.6,10,50.2
8.9,74.0,1,75.4
5.8,64.4,4,66.5
9.5,92.3,2,86.0
8.2,97.9,5,87.9
10.0,62.9,7,91.5
4.2,98.2,6,68.1
7.9,80.9,2,74.9
4.6,72.0,7,70.8
5.3,63.1,1,53.6
6.6,80.0,9,80.5
8.9,91.8,8,96.0
9.9,88.3,3,94.0
7.9,62.0,0,67.6
4.8,62.9,7,65.3
4.8,76.1,6,68.9
7.6,71.8,10,84.5
3.1,69.3,4,56.0
2.0,71.2,9,60.5
4.2,92.1,4,65.4
3.6,97.2,6,72.1
3.7,76.2,4,55.8
3.1,96.2,7,71.8
1.4,72.9,10,59.2
1.2,79.1,5,48.5
9.9,69.0,4,88.1
4.8,85.6,8,75.6
4.5,99.2,10,85.7
7.1,84.1,1,69.6
3.0,74.3,0,44.8
9.5,85.9,7,100.0
8.1,64.9,2,72.1
1.8,95.5,10,70.4
4.8,80.1,6,74.9
8.9,78.0,9,94.7
9.5,83.4,10,100.0
5.2,85.0,7,72.1
6.5,62.9,5,73.7
2.5,87.3,9,67.3
9.9,69.7,8,97.9
3.1,88.6,6,62.1
9.5,92.9,9,98.3
6.8,92.2,4,81.4
6.5,82.1,7,74.8
5.6,80.8,1,63.4
3.1,65.7,6,59.9
2.6,91.0,3,56.8
3.0,70.9,8,68.0
2.7,79.9,0,50.4
8.0,71.4,6,81.5
4.2,65.4,5,60.4
1.5,85.2,7,57.0
9.7,62.2,4,80.5
9.0,89.9,0,78.9
9.3,72.7,0,76.9
10.0,60.0,8,87.7
2.6,80.4,9,65.1
4.6,61.9,5,60.6
7.8,71.0,9,83.4
7.3,88.3,4,82.0
2.4,62.5,0,42.8
8.3,93.6,5,90.5
3.0,60.2,5,52.2
3.0,69.9,2,51.8
5.8,89.6,7,82.1
6.3,72.7,0,64.4
6.2,64.1,0,57.9
1.8,74.4,5,52.3
8.9,70.8,9,97.3
3.4,93.7,0,53.3
2.2,72.5,5,58.9
9.0,91.6,0,80.9
9.6,95.7,5,96.8
8.8,77.4,2,79.0
8.3,96.4,7,95.0
6.9,75.1,5,71.8
6.0,98.6,10,87.7
1.8,63.6,0,34.7
4.7,87.5,4,68.0
4.4,79.8,7,72.7
3.3,75.5,2,55.3
7.5,85.3,5,76.0
5.5,88.2,4,77.9
1.7,60.2,5,47.6
3.0,66.7,9,60.6
7.1,88.5,0,72.8
1.7,86.7,6,57.0
8.7,98.6,8,96.9
5.5,90.4,1,67.0
5.3,98.0,9,82.2
6.3,88.1,4,74.9
8.4,71.9,9,89.6
4.1,64.2,3,51.6
7.1,91.3,5,83.3
6.1,85.8,5,77.9
3.4,61.9,10,67.1
8.9,74.4,1,81.3
8.2,98.3,1,83.3
6.9,80.0,3,73.0
8.7,77.3,0,79.0
8.8,78.3,8,89.4
7.4,68.4,6,76.7
8.5,74.7,6,84.2
7.3,74.8,2,76.1
7.1,62.1,10,87.1
6.6,90.7,2,75.5
7.8,76.7,0,75.1
2.4,92.9,2,51.4
8.9,94.0,2,87.9
8.8,68.5,3,80.4
1.3,86.3,3,50.7
8.4,78.9,2,79.5
2.2,95.2,9,66.2
4.0,68.6,7,66.3
7.7,87.1,7,91.2
2.4,84.3,0,45.5
8.4,71.8,6,85.2
8.5,65.5,10,88.9
5.6,86.1,1,58.2
1.1,89.5,0,42.8
3.6,72.6,2,55.5
6.6,85.8,3,75.3
9.8,75.8,5,86.0
6.7,88.5,9,86.9
3.3,68.0,4,48.4
6.7,95.6,3,82.3
5.9,71.5,7,71.5
8.0,74.7,10,96.3
2.0,62.3,3,47.3
7.8,64.5,9,83.9
5.9,80.6,1,62.1
9.7,70.7,2,84.6
4.1,93.4,5,65.9
6.7,60.6,7,76.0
9.4,75.2,7,92.0
1.9,73.5,10,56.3
9.4,60.8,8,84.7
7.2,65.0,6,78.1
1.6,76.5,1,41.3
3.7,79.7,7,64.8
7.4,76.2,6,83.8
1.6,81.2,7,59.9
6.2,83.8,2,69.5
4.1,60.4,6,59.7
6.6,78.6,9,86.0
1.4,98.5,8,58.5
8.8,80.8,2,83.1
9.8,87.1,9,100.0
9.7,72.5,5,92.4
7.7,91.0,1,72.2
2.2,90.9,1,47.8
7.8,80.9,4,78.7
1.2,99.0,4,54.1
1.2,65.0,6,48.9
3.9,60.7,1,54.3
5.4,90.8,10,82.7
7.9,92.3,6,87.9
7.1,64.8,4,76.6
5.0,70.6,5,67.1
3.5,60.7,7,63.3
10.0,71.7,9,100.0
4.8,90.9,3,64.0
5.1,80.7,6,67.5
2.5,73.9,5,49.9
8.2,74.9,9,93.2
7.2,60.1,1,69.8
3.0,72.0,7,66.1
1.7,85.9,9,65.0
7.1,99.0,8,94.8
6.9,93.9,4,78.9
3.5,60.9,9,60.1
9.6,95.9,3,95.1
2.4,91.3,5,60.4
4.9,91.2,7,76.1
9.5,78.3,10,100.0
4.8,75.9,2,61.6
6.7,72.1,9,87.2
4.6,62.6,10,75.6
3.5,69.1,10,69.7
9.9,69.9,0,82.8
4.7,79.4,3,64.8
9.0,89.9,3,86.8
3.1,79.0,0,51.3
2.9,62.3,8,55.1
1.3,98.3,2,53.1
6.9,97.7,4,78.1
4.3,91.4,5,69.9
8.8,99.7,7,95.3
5.3,81.8,5,72.5
9.7,98.5,2,92.0
2.7,63.0,5,47.5
8.8,74.6,0,77.7
8.0,69.0,3,74.9
7.9,67.8,5,82.7
8.6,65.6,6,84.7
7.8,84.9,10,95.9
6.6,91.3,10,87.7
2.2,83.1,9,62.1
1.3,65.9,2,38.9
9.3,92.4,8,100.0
6.5,85.4,6,85.4
8.2,75.5,0,71.1
5.3,87.0,1,68.0
2.1,70.4,0,34.9
2.1,73.8,10,59.2
7.2,96.7,8,88.0
4.9,71.6,8,67.8
2.8,78.8,6,54.9
5.4,95.6,9,85.0
1.6,88.3,2,47.7
6.2,62.5,4,69.1
3.4,65.9,3,54.9
8.2,60.3,6,81.8
3.8,85.2,8,72.5
5.1,77.9,1,60.6
1.1,65.4,7,45.6
1.7,98.3,8,66.9
4.5,81.2,9,73.3
5.3,69.7,9,72.7
6.4,80.0,8,81.5
3.6,87.2,9,69.5
7.3,63.0,6,75.9
8.7,71.0,8,92.0
8.0,92.3,8,94.8
1.4,78.4,2,41.6
5.3,81.9,3,65.7
1.9,77.3,1,48.1
3.2,61.8,9,63.9
9.9,66.6,2,89.6
2.3,77.8,10,68.3
5.5,68.4,10,81.4
6.6,62.0,4,65.3
7.3,93.7,4,85.0
6.0,99.2,5,79.8
1.1,91.7,6,53.3
3.9,94.2,6,70.4
5.7,69.7,0,62.0
1.8,98.4,1,52.0
4.2,67.9,8,64.5
1.3,98.1,9,66.1
1.7,99.8,1,48.6
4.6,88.5,5,70.1
2.2,99.2,10,69.8
6.1,82.8,10,84.7
7.2,70.4,0,69.4
8.2,77.5,2,75.1
2.8,83.7,1,57.0
2.5,62.9,2,40.0
1.9,84.9,4,51.4
6.7,99.2,10,94.5
7.4,67.6,9,86.8
1.3,91.7,5,53.6
9.4,96.3,8,100.0
1.5,97.7,10,67.9
5.9,98.4,9,86.2
7.4,80.9,3,81.3
8.8,99.1,6,98.4
7.4,90.3,5,86.8
8.2,66.5,1,70.1
4.1,79.1,9,71.8
8.3,88.7,10,97.4
1.7,69.9,10,56.6
9.1,85.6,10,100.0
5.9,86.7,7,78.0
8.4,66.5,6,85.7
5.1,82.6,6,68.9
6.8,90.9,7,90.4
5.7,80.0,10,80.0
7.6,60.5,0,66.7
1.7,60.4,0,39.2
1.5,74.3,7,52.3
3.2,97.0,3,63.8
2.4,69.1,4,47.2
8.8,85.4,7,98.2
3.0,68.9,4,53.6
9.8,72.9,9,97.0
4.0,93.9,3,63.4
2.6,89.2,5,62.4
8.1,63.8,4,75.9
6.9,77.1,6,77.5
5.5,61.2,9,73.1
6.0,79.2,6,72.2
7.5,86.5,3,84.8
3.1,64.7,4,51.0
10.0,71.6,2,87.8
9.8,75.9,3,88.3
6.9,96.8,3,76.3
2.8,99.7,2,57.9
7.1,61.8,9,84.5
1.6,90.4,4,52.8
1.3,74.9,4,50.4
3.3,75.7,10,72.4
5.2,90.2,6,77.6
8.8,96.7,3,87.7
7.5,98.0,3,79.9
7.7,83.1,8,87.5
4.8,74.3,5,67.0
4.1,91.5,3,65.7
4.3,70.0,1,48.2
9.9,82.6,5,94.2
1.4,74.3,1,41.6
8.8,86.3,4,87.1
6.2,69.6,5,75.8
4.9,67.7,3,62.3
7.5,96.7,2,84.6
5.4,64.1,6,67.5
8.9,80.2,1,83.2
9.1,68.8,10,100.0
4.8,61.6,5,66.4
3.5,61.4,3,48.6
6.3,67.0,5,71.0
9.2,94.7,3,89.4
2.9,71.3,3,53.3
6.6,98.0,3,80.5
6.7,83.3,8,81.9
7.6,77.5,6,83.4
2.2,83.2,2,43.8
7.4,80.7,2,79.7
9.2,90.4,5,91.5
2.6,71.3,5,54.6
3.1,74.1,3,53.0
9.7,95.8,8,100.0
2.6,97.9,3,50.0
8.7,95.7,8,98.1
5.4,76.8,3,65.9
3.2,91.2,1,54.1
8.8,79.1,1,85.1
5.0,79.9,4,64.3
5.6,68.2,3,66.9
4.2,83.6,6,69.3
6.3,67.4,10,85.7
2.5,73.3,4,50.3
4.5,94.2,5,68.7
9.7,68.3,9,100.0
3.3,62.8,3,52.7
6.9,62.8,1,60.7
3.9,97.6,9,75.3
8.0,80.3,8,91.0
2.2,76.4,9,64.3
9.7,92.4,6,96.3
5.1,93.4,3,60.7
3.1,73.3,2,53.2
1.7,87.7,9,59.0
2.5,90.8,2,47.8
5.7,86.2,8,71.7
4.0,66.1,4,60.4
8.5,95.0,2,85.2
4.9,81.6,4,66.2
3.2,71.3,1,53.7
6.6,77.0,10,87.8
7.4,61.5,3,76.1
2.5,65.1,9,55.9
2.5,90.6,1,51.6
1.3,60.0,1,31.8
7.6,76.7,7,84.4
7.0,80.9,0,68.4
5.3,62.2,6,68.9
8.6,98.9,4,90.8
8.3,69.0,10,93.8
6.3,72.2,7,79.1
8.8,72.2,0,82.2
2.9,69.2,10,64.1
2.0,60.1,6,47.2
3.4,89.2,4,62.6
1.5,98.7,3,50.8
5.8,69.0,6,76.0
9.4,86.5,9,100.0
1.4,89.7,1,44.0
2.1,93.9,0,47.3
5.1,76.9,0,60.6
9.4,72.1,10,98.2
3.8,73.0,0,49.2
5.6,88.5,4,77.4
1.4,92.7,9,60.1
2.3,67.3,6,54.0
9.9,74.8,1,85.8
9.7,96.1,9,100.0
1.0,92.3,7,58.3
9.6,99.4,3,90.5
6.8,90.2,2,77.3
8.8,75.7,9,91.9
5.1,83.6,10,82.6
5.6,86.4,7,81.5
5.4,63.1,1,60.5
7.0,81.8,10,90.3
2.3,88.4,10,67.1
1.3,66.7,2,38.6
3.8,91.2,2,64.6
7.3,83.4,9,87.6
2.8,98.1,10,70.4
7.1,61.7,0,65.8
9.7,70.6,5,87.4
1.8,84.1,1,43.6
7.1,71.9,0,62.5
5.0,88.6,1,62.1
8.8,90.4,5,90.9
2.6,64.1,3,48.9
7.2,80.6,5,83.2
8.5,80.4,8,94.4
9.5,74.8,9,97.4
7.1,97.3,9,92.3
5.5,93.1,7,80.8
6.6,87.9,0,73.0
8.8,88.6,7,95.1
6.1,78.5,8,78.8
1.3,96.8,5,52.4
9.4,87.8,9,96.9
7.2,89.2,4,82.8
7.1,94.5,5,85.5
2.9,71.0,5,57.7
6.9,92.3,8,87.9
4.5,67.8,3,63.3
6.9,73.8,1,67.0
2.0,73.4,10,64.7
6.9,99.1,10,94.2
10.0,94.3,8,100.0
1.4,88.0,1,47.4
9.8,89.1,9,100.0
4.7,82.5,8,75.1
8.8,97.9,1,85.8
8.0,79.9,7,88.0
6.1,75.2,8,86.2
7.6,66.5,9,89.7
8.9,91.4,8,100.0
4.6,89.4,9,78.3
3.9,75.4,8,71.4
7.0,61.0,1,66.9
8.3,93.6,3,85.5
7.9,60.5,6,78.5
8.2,88.1,1,79.1
4.9,98.8,0,54.7
8.4,77.5,2,79.7
2.1,69.4,3,45.8
5.9,88.2,7,84.7
1.1,92.7,5,53.1
3.9,81.9,10,70.6
4.3,98.7,1,62.9
4.6,62.1,8,64.3
7.3,80.2,1,73.8
4.5,88.7,4,68.0
5.0,94.5,3,72.4
3.1,67.2,6,55.5
4.4,92.0,7,73.5
3.0,82.1,4,53.8
1.7,75.9,9,61.2
6.4,65.3,4,71.3
7.0,94.6,1,76.9
6.6,66.3,7,76.8
5.2,72.4,1,60.8
4.4,71.6,9,76.4
8.8,94.9,5,91.5
